Experiment;IP Stack;Inv Clients;Val Clients;PPSV;PPSI;Length of Experiment;Ban limit;Ban length;;Packets dropped;Packets passed;CPU (via top);Messages received by udp_server;Log messages exchanged;Packets not reaching udp_server;;Best case drop rate;Actual drop rate;Relative drop rate;Type;File path;Missing packets;Missing packets %
file_IPv4_100k_65534_1;IPv4;65534;254;50000;100000;300;3;30;;27837462;17162539;0:04.95;16809553;1966020;352986;;93,4466;92,79154;99,29900071;file;'IPv4/file/file_IPv4_100k_65534_1.csv' : Params('IPv4', '65534 clients', '100000 PPS'),;-1;-2,22222E-06
file_IPv4_100k_65534_2;IPv4;65534;254;50000;100000;300;3;30;;27841725;17158276;0:04.90;16814875;1966020;343401;;93,4466;92,80575;99,31420726;file;'IPv4/file/file_IPv4_100k_65534_2.csv' : Params('IPv4', '65534 clients', '100000 PPS'),;-1;-2,22222E-06
file_IPv4_1m_65534_1;IPv4;65534;254;50000;1000000;300;3;30;;293844578;21155423;0:06.10;16967951;2371511;4187472;;99,34466;97,94819267;98,59432069;file;'IPv4/file/file_IPv4_1m_65534_1.csv' : Params('IPv4', '65534 clients', '1000000 PPS'),;-1;-3,1746E-07
file_IPv4_1m_65534_2;IPv4;65534;254;50000;1000000;300;3;30;;294216831;20783169;0:06.27;16996668;2398373;3786501;;99,34466;98,072277;98,71922356;file;'IPv4/file/file_IPv4_1m_65534_2.csv' : Params('IPv4', '65534 clients', '1000000 PPS'),;0;0
file_IPv4_10m_65534_1;IPv4;65534;254;50000;10000000;300;3;30;;2939864319;75068710;0:09.69;17513295;3510069;57555415;;99,934466;97,9954773;98,05973977;file;'IPv4/file/file_IPv4_10m_65534_1.csv' : Params('IPv4', '65534 clients', '10000000 PPS'),;66971;0,00222126
file_IPv4_10m_65534_2;IPv4;65534;254;50000;10000000;300;3;30;;2941922434;73044559;0:10.21;17681554;3652135;55363005;;99,934466;98,06408113;98,12838859;file;'IPv4/file/file_IPv4_10m_65534_2.csv' : Params('IPv4', '65534 clients', '10000000 PPS'),;33007;0,00109476
file_IPv4_20m_65534_1;IPv4;65534;254;50000;20000000;300;3;30;;5864107428;127597859;0:13.36;17728198;3989533;109869661;;99,967233;97,7351238;97,76715917;file;'IPv4/file/file_IPv4_20m_65534_1.csv' : Params('IPv4', '65534 clients', '20000000 PPS'),;23294713;0,387277024
file_IPv4_20m_65534_2;IPv4;65534;254;50000;20000000;300;3;30;;5832194281;149324028;0:12.75;17560133;3879454;131763895;;99,967233;97,20323802;97,23509904;file;'IPv4/file/file_IPv4_20m_65534_2.csv' : Params('IPv4', '65534 clients', '20000000 PPS'),;33481691;0,556636592
file_IPv4_30m_65534_1;IPv4;65534;254;50000;30000000;300;3;30;;8775220474;159822950;0:16.55;17482726;4071614;142340224;;99,97815533;97,50244971;97,52375345;file;'IPv4/file/file_IPv4_30m_65534_1.csv' : Params('IPv4', '65534 clients', '30000000 PPS'),;79956576;0,886928186
file_IPv4_30m_65534_2;IPv4;65534;254;50000;30000000;300;3;30;;8761786660;170889234;0:15.97;17432374;4000767;153456859;;99,97815533;97,35318511;97,37445624;file;'IPv4/file/file_IPv4_30m_65534_2.csv' : Params('IPv4', '65534 clients', '30000000 PPS'),;82324106;0,913190305
;;;;;;;;;;;;;;;;;;;;;;;
shm_IPv4_100k_65534_1;IPv4;65534;254;50000;100000;300;3;30;;28033981;16966021;0:05.94;16966021;1966020;0;;93,4466;93,44660333;100,0000036;shm;'IPv4/shm/shm_IPv4_100k_65534_1.csv' : Params('IPv4', '65534 clients', '100000 PPS'),;-2;-4,44444E-06
shm_IPv4_100k_65534_2;IPv4;65534;254;50000;100000;300;3;30;;28033973;16966029;0:05.88;16966029;1966028;0;;93,4466;93,44657667;99,99997503;shm;'IPv4/shm/shm_IPv4_100k_65534_2.csv' : Params('IPv4', '65534 clients', '100000 PPS'),;-2;-4,44444E-06
shm_IPv4_1m_65534_1;IPv4;65534;254;50000;1000000;300;3;30;;297061828;17938181;0:07.47;17813670;2819969;124511;;99,34466;99,02060933;99,67381169;shm;'IPv4/shm/shm_IPv4_1m_65534_1.csv' : Params('IPv4', '65534 clients', '1000000 PPS'),;-9;-2,85714E-06
shm_IPv4_1m_65534_2;IPv4;65534;254;50000;1000000;300;3;30;;297059334;17940675;0:07.50;17826773;2832568;113902;;99,34466;99,019778;99,67297487;shm;'IPv4/shm/shm_IPv4_1m_65534_2.csv' : Params('IPv4', '65534 clients', '1000000 PPS'),;-9;-2,85714E-06
shm_IPv4_10m_65534_1;IPv4;65534;254;50000;10000000;300;3;30;;2974603867;37486666;0:16.86;20019891;5193081;17466775;;99,934466;99,15346223;99,21848407;shm;'IPv4/shm/shm_IPv4_10m_65534_1.csv' : Params('IPv4', '65534 clients', '10000000 PPS'),;2909467;0,096499735
shm_IPv4_10m_65534_2;IPv4;65534;254;50000;10000000;300;3;30;;2973849729;38469472;0:17.57;20063180;5240155;18406291;;99,934466;99,1283243;99,19332966;shm;'IPv4/shm/shm_IPv4_10m_65534_2.csv' : Params('IPv4', '65534 clients', '10000000 PPS'),;2680799;0,08891539
shm_IPv4_20m_65534_1;IPv4;65534;254;50000;20000000;300;3;30;;5938612315;61772498;0:23.66;20921211;6253164;40851287;;99,967233;98,97687192;99,0093143;shm;'IPv4/shm/shm_IPv4_20m_65534_1.csv' : Params('IPv4', '65534 clients', '20000000 PPS'),;14615187;0,242979002
shm_IPv4_20m_65534_2;IPv4;65534;254;50000;20000000;300;3;30;;5933078974;63728131;0:24.29;20776678;6125801;42951453;;99,967233;98,88464957;98,91706172;shm;'IPv4/shm/shm_IPv4_20m_65534_2.csv' : Params('IPv4', '65534 clients', '20000000 PPS'),;18192895;0,30245877
shm_IPv4_30m_65534_1;IPv4;65534;254;50000;30000000;300;3;30;;8829865266;87229424;0:39.08;21386407;6991756;65843017;;99,97815533;98,10961407;98,13105047;shm;'IPv4/shm/shm_IPv4_30m_65534_1.csv' : Params('IPv4', '65534 clients', '30000000 PPS'),;97905310;1,086026733
shm_IPv4_30m_65534_2;IPv4;65534;254;50000;30000000;300;3;30;;8815321758;94586591;0:37.55;21139934;6798270;73446656;;99,97815533;97,94801953;97,96942063;shm;'IPv4/shm/shm_IPv4_30m_65534_2.csv' : Params('IPv4', '65534 clients', '30000000 PPS'),;105091651;1,165742108
;;;;;;;;;;;;;;;;;;;;;;;
sock_IPv4_100k_65534_1;IPv4;65534;254;50000;100000;300;3;30;;28016337;16983665;0:57.90;16957100;1966020;26565;;93,4466;93,38779;99,93706566;sock;'IPv4/sock/sock_IPv4_100k_65534_1.csv' : Params('IPv4', '65534 clients', '100000 PPS'),;-2;-4,44444E-06
sock_IPv4_100k_65534_2;IPv4;65534;254;50000;100000;300;3;30;;28015809;16984193;0:57.95;16956866;1966020;27327;;93,4466;93,38603;99,93518223;sock;'IPv4/sock/sock_IPv4_100k_65534_2.csv' : Params('IPv4', '65534 clients', '100000 PPS'),;-2;-4,44444E-06
sock_IPv4_1m_65534_1;IPv4;65534;254;50000;1000000;300;3;30;;296790835;18209174;0:34.01;16959557;2027015;1249617;;99,34466;98,93027833;99,58288481;sock;'IPv4/sock/sock_IPv4_1m_65534_1.csv' : Params('IPv4', '65534 clients', '1000000 PPS'),;-9;-2,85714E-06
sock_IPv4_1m_65534_2;IPv4;65534;254;50000;1000000;300;3;30;;296771972;18228037;0:34.68;16955587;2024404;1272450;;99,34466;98,92399067;99,57655567;sock;'IPv4/sock/sock_IPv4_1m_65534_2.csv' : Params('IPv4', '65534 clients', '1000000 PPS'),;-9;-2,85714E-06
sock_IPv4_10m_65534_1;IPv4;65534;254;50000;10000000;300;3;30;;2949903005;61811876;1:16.00;17128799;2552311;44683077;;99,934466;98,33010017;98,39458207;sock;'IPv4/sock/sock_IPv4_10m_65534_1.csv' : Params('IPv4', '65534 clients', '10000000 PPS'),;3285119;0,108959171
sock_IPv4_10m_65534_2;IPv4;65534;254;50000;10000000;300;3;30;;2949143418;61781749;1:16.02;17053995;2497711;44727754;;99,934466;98,3047806;98,3692459;sock;'IPv4/sock/sock_IPv4_10m_65534_2.csv' : Params('IPv4', '65534 clients', '10000000 PPS'),;4074833;0,135152007
sock_IPv4_20m_65534_1;IPv4;65534;254;50000;20000000;300;3;30;;5879846095;107691675;1:44.97;16955499;2716484;90736176;;99,967233;97,99743492;98,02955626;sock;'IPv4/sock/sock_IPv4_20m_65534_1.csv' : Params('IPv4', '65534 clients', '20000000 PPS'),;27462230;0,456562427
sock_IPv4_20m_65534_2;IPv4;65534;254;50000;20000000;300;3;30;;5882126575;105275415;1:44.70;16938235;2676750;88337180;;99,967233;98,03544292;98,06757672;sock;'IPv4/sock/sock_IPv4_20m_65534_2.csv' : Params('IPv4', '65534 clients', '20000000 PPS'),;27598010;0,458819784
sock_IPv4_30m_65534_1;IPv4;65534;254;50000;30000000;300;3;30;;8744450866;139424377;2:18.85;16914828;3161817;122509549;;99,97815533;97,16056518;97,18179422;sock;'IPv4/sock/sock_IPv4_30m_65534_1.csv' : Params('IPv4', '65534 clients', '30000000 PPS'),;131124757;1,454517549
sock_IPv4_30m_65534_2;IPv4;65534;254;50000;30000000;300;3;30;;8733172746;146941837;2:20.90;16822965;3131742;130118872;;99,97815533;97,03525273;97,05645439;sock;'IPv4/sock/sock_IPv4_30m_65534_2.csv' : Params('IPv4', '65534 clients', '30000000 PPS'),;134885417;1,496233134
;;;;;;;;;;;;;;;;;;;;;;;
;;;;;;;;;;;;;;;;;;;;;;;
file_IPv6_100k_65534_1;IPv6;65534;254;50000;100000;300;3;30;;27901598;17098403;0:06.01;16865797;1966020;232606;;93,4466;93,00532667;99,52778022;file;'IPv6/file/file_IPv6_100k_65534_1.csv' : Params('IPv6', '65534 clients', '100000 PPS'),;-1;-2,22222E-06
file_IPv6_100k_65534_2;IPv6;65534;254;50000;100000;300;3;30;;27898480;17101521;0:06.06;16862580;1966020;238941;;93,4466;92,99493333;99,516658;file;'IPv6/file/file_IPv6_100k_65534_2.csv' : Params('IPv6', '65534 clients', '100000 PPS'),;-1;-2,22222E-06
file_IPv6_1m_65534_1;IPv6;65534;254;50000;1000000;300;3;30;;294955211;20044790;0:07.15;17102532;2430012;2942258;;99,34466;98,31840367;98,96697383;file;'IPv6/file/file_IPv6_1m_65534_1.csv' : Params('IPv6', '65534 clients', '1000000 PPS'),;-1;-3,1746E-07
file_IPv6_1m_65534_2;IPv6;65534;254;50000;1000000;300;3;30;;294694169;20305832;0:07.20;17055573;2386579;3250259;;99,34466;98,23138967;98,87938583;file;'IPv6/file/file_IPv6_1m_65534_2.csv' : Params('IPv6', '65534 clients', '1000000 PPS'),;-1;-3,1746E-07
file_IPv6_10m_65534_1;IPv6;65534;254;50000;10000000;300;3;30;;2954133315;60864644;0:11.10;17510704;3216532;43353940;;99,934466;98,4711105;98,53568488;file;'IPv6/file/file_IPv6_10m_65534_1.csv' : Params('IPv6', '65534 clients', '10000000 PPS'),;2041;6,76949E-05
file_IPv6_10m_65534_2;IPv6;65534;254;50000;10000000;300;3;30;;2948439661;66554705;0:11.40;17431218;3156067;49123487;;99,934466;98,28132203;98,34577195;file;'IPv6/file/file_IPv6_10m_65534_2.csv' : Params('IPv6', '65534 clients', '10000000 PPS'),;5634;0,000186866
file_IPv6_20m_65534_1;IPv6;65534;254;50000;20000000;300;3;30;;5853038753;159465297;0:17.00;17680819;4093531;141784478;;99,967233;97,55064588;97,58262078;file;'IPv6/file/file_IPv6_20m_65534_1.csv' : Params('IPv6', '65534 clients', '20000000 PPS'),;2495950;0,041495428
file_IPv6_20m_65534_2;IPv6;65534;254;50000;20000000;300;3;30;;5848890446;163238898;0:16.25;17564831;3890612;145674067;;99,967233;97,48150743;97,51345967;file;'IPv6/file/file_IPv6_20m_65534_2.csv' : Params('IPv6', '65534 clients', '20000000 PPS'),;2870656;0,047724954
file_IPv6_30m_65534_1;IPv6;65534;254;50000;30000000;300;3;30;;8740772717;211044904;0:22.51;17201162;3872920;193843742;;99,97815533;97,11969686;97,14091697;file;'IPv6/file/file_IPv6_30m_65534_1.csv' : Params('IPv6', '65534 clients', '30000000 PPS'),;63182379;0,700858336
file_IPv6_30m_65534_2;IPv6;65534;254;50000;30000000;300;3;30;;8743505435;211877052;0:22.44;17375163;4029527;194501889;;99,97815533;97,15006039;97,17128713;file;'IPv6/file/file_IPv6_30m_65534_2.csv' : Params('IPv6', '65534 clients', '30000000 PPS'),;59617513;0,66131462
;;;;;;;;;;;;;;;;;;;;;;;
shm_IPv6_100k_65534_1;IPv6;65534;254;50000;100000;300;3;30;;28033981;16966020;0:06.57;16966020;1966020;0;;93,4466;93,44660333;100,0000036;shm;'IPv6/shm/shm_IPv6_100k_65534_1.csv' : Params('IPv6', '65534 clients', '100000 PPS'),;-1;-2,22222E-06
shm_IPv6_100k_65534_2;IPv6;65534;254;50000;100000;300;3;30;;28033981;16966020;0:06.74;16966020;1966020;0;;93,4466;93,44660333;100,0000036;shm;'IPv6/shm/shm_IPv6_100k_65534_2.csv' : Params('IPv6', '65534 clients', '100000 PPS'),;-1;-2,22222E-06
shm_IPv6_1m_65534_1;IPv6;65534;254;50000;1000000;300;3;30;;297118655;17881344;0:09.69;17796750;2800839;84594;;99,34466;99,03955167;99,69287898;shm;'IPv6/shm/shm_IPv6_1m_65534_1.csv' : Params('IPv6', '65534 clients', '1000000 PPS'),;1;3,1746E-07
shm_IPv6_1m_65534_2;IPv6;65534;254;50000;1000000;300;3;30;;297037893;17962106;0:09.52;17869318;2873965;92788;;99,34466;99,012631;99,66578073;shm;'IPv6/shm/shm_IPv6_1m_65534_2.csv' : Params('IPv6', '65534 clients', '1000000 PPS'),;1;3,1746E-07
shm_IPv6_10m_65534_1;IPv6;65534;254;50000;10000000;300;3;30;;2982938661;31632290;0:16.25;20694646;5787068;10937644;;99,934466;99,4312887;99,49649273;shm;'IPv6/shm/shm_IPv6_10m_65534_1.csv' : Params('IPv6', '65534 clients', '10000000 PPS'),;429049;0,014230481
shm_IPv6_10m_65534_2;IPv6;65534;254;50000;10000000;300;3;30;;2982256481;32037458;0:16.66;20588763;5696167;11448695;;99,934466;99,40854937;99,47373849;shm;'IPv6/shm/shm_IPv6_10m_65534_2.csv' : Params('IPv6', '65534 clients', '10000000 PPS'),;706061;0,023418275
shm_IPv6_20m_65534_1;IPv6;65534;254;50000;20000000;300;3;30;;5949772183;55128188;0:27.80;21413973;6651369;33714215;;99,967233;99,16286972;99,19537306;shm;'IPv6/shm/shm_IPv6_20m_65534_1.csv' : Params('IPv6', '65534 clients', '20000000 PPS'),;10099629;0,167907382
shm_IPv6_20m_65534_2;IPv6;65534;254;50000;20000000;300;3;30;;5947916148;58302196;0:27.90;20580199;5813790;37721997;;99,967233;99,1319358;99,16442901;shm;'IPv6/shm/shm_IPv6_20m_65534_2.csv' : Params('IPv6', '65534 clients', '20000000 PPS'),;8781656;0,145995943
shm_IPv6_30m_65534_1;IPv6;65534;254;50000;30000000;300;3;30;;8863279071;85551205;0:46.03;21788490;7237693;63762715;;99,97815533;98,48087857;98,50239609;shm;'IPv6/shm/shm_IPv6_30m_65534_1.csv' : Params('IPv6', '65534 clients', '30000000 PPS'),;66169724;0,733995829
shm_IPv6_30m_65534_2;IPv6;65534;254;50000;30000000;300;3;30;;8864024558;89585782;0:46.00;22268038;7734796;67317744;;99,97815533;98,48916176;98,51068109;shm;'IPv6/shm/shm_IPv6_30m_65534_2.csv' : Params('IPv6', '65534 clients', '30000000 PPS'),;61389660;0,680972379
;;;;;;;;;;;;;;;;;;;;;;;
sock_IPv6_100k_65534_1;IPv6;65534;254;50000;100000;300;3;30;;28016923;16983078;0:58.83;16957339;1966020;25739;;93,4466;93,38974333;99,93915598;sock;'IPv6/sock/sock_IPv6_100k_65534_1.csv' : Params('IPv6', '65534 clients', '100000 PPS'),;-1;-2,22222E-06
sock_IPv6_100k_65534_2;IPv6;65534;254;50000;100000;300;3;30;;28016765;16983237;1:00.31;16957233;1966020;26004;;93,4466;93,38921667;99,93859238;sock;'IPv6/sock/sock_IPv6_100k_65534_2.csv' : Params('IPv6', '65534 clients', '100000 PPS'),;-2;-4,44444E-06
sock_IPv6_1m_65534_1;IPv6;65534;254;50000;1000000;300;3;30;;297291627;17708382;0:37.97;17025560;2066115;682822;;99,34466;99,097209;99,75091666;sock;'IPv6/sock/sock_IPv6_1m_65534_1.csv' : Params('IPv6', '65534 clients', '1000000 PPS'),;-9;-2,85714E-06
sock_IPv6_1m_65534_2;IPv6;65534;254;50000;1000000;300;3;30;;296833515;18166494;0:34.62;16957967;2023654;1208527;;99,34466;98,944505;99,59720533;sock;'IPv6/sock/sock_IPv6_1m_65534_2.csv' : Params('IPv6', '65534 clients', '1000000 PPS'),;-9;-2,85714E-06
sock_IPv6_10m_65534_1;IPv6;65534;254;50000;10000000;300;3;30;;2958115420;53354605;1:07.70;17112118;2442360;36242487;;99,934466;98,60384733;98,66850875;sock;'IPv6/sock/sock_IPv6_10m_65534_1.csv' : Params('IPv6', '65534 clients', '10000000 PPS'),;3529975;0,117080431
sock_IPv6_10m_65534_2;IPv6;65534;254;50000;10000000;300;3;30;;2964689959;46589483;1:04.25;17189555;2486047;29399928;;99,934466;98,82299863;98,88780377;sock;'IPv6/sock/sock_IPv6_10m_65534_2.csv' : Params('IPv6', '65534 clients', '10000000 PPS'),;3720558;0,123401592
sock_IPv6_20m_65534_1;IPv6;65534;254;50000;20000000;300;3;30;;5898054928;102964745;1:52.20;17389214;3013912;85575531;;99,967233;98,30091547;98,33313629;sock;'IPv6/sock/sock_IPv6_20m_65534_1.csv' : Params('IPv6', '65534 clients', '20000000 PPS'),;13980327;0,232424389
sock_IPv6_20m_65534_2;IPv6;65534;254;50000;20000000;300;3;30;;5886914036;117009801;1:51.93;17285581;2964160;99724220;;99,967233;98,11523393;98,14739389;sock;'IPv6/sock/sock_IPv6_20m_65534_2.csv' : Params('IPv6', '65534 clients', '20000000 PPS'),;11076163;0,184142361
sock_IPv6_30m_65534_1;IPv6;65534;254;50000;30000000;300;3;30;;8777436431;170030148;2:29.69;16917862;3003516;153112286;;99,97815533;97,52707146;97,54838057;sock;'IPv6/sock/sock_IPv6_30m_65534_1.csv' : Params('IPv6', '65534 clients', '30000000 PPS'),;67533421;0,749122806
sock_IPv6_30m_65534_2;IPv6;65534;254;50000;30000000;300;3;30;;8767639916;175375781;2:32.72;16877169;3027904;158498612;;99,97815533;97,41822129;97,43950662;sock;'IPv6/sock/sock_IPv6_30m_65534_2.csv' : Params('IPv6', '65534 clients', '30000000 PPS'),;71984303;0,798494764
;;;;;;;;;;;;;;;;;;;;;;;
;;;;;;;;;;;;;;;;;;;;;;;
file_IPv4v6_100k_131068_1;IPv4v6;131068;254;50000;100000;300;3;30;;26055683;18944319;0:09.49;18252727;3538836;691592;;86,8932;86,85227667;99,95290387;file;'IPv4v6/file/file_IPv4v6_100k_131068_1.csv' : Params('IPv4v6', '131068 clients', '100000 PPS'),;-2;-4,44444E-06
file_IPv4v6_100k_131068_2;IPv4v6;131068;254;50000;100000;300;3;30;;26088468;18911534;0:09.37;18270063;3538836;641471;;86,8932;86,96156;100,0786713;file;'IPv4v6/file/file_IPv4v6_100k_131068_2.csv' : Params('IPv4v6', '131068 clients', '100000 PPS'),;-2;-4,44444E-06
file_IPv4v6_1m_131068_1;IPv4v6;131068;254;50000;1000000;300;3;30;;291886216;23113786;0:12.97;18661095;4294222;4452691;;98,68932;97,29540533;98,58757293;file;'IPv4v6/file/file_IPv4v6_1m_131068_1.csv' : Params('IPv4v6', '131068 clients', '1000000 PPS'),;-2;-6,34921E-07
file_IPv4v6_1m_131068_2;IPv4v6;131068;254;50000;1000000;300;3;30;;291972582;23027420;0:12.87;18661784;4289483;4365636;;98,68932;97,324194;98,61674394;file;'IPv4v6/file/file_IPv4v6_1m_131068_2.csv' : Params('IPv4v6', '131068 clients', '1000000 PPS'),;-2;-6,34921E-07
file_IPv4v6_10m_131068_1;IPv4v6;131068;254;50000;10000000;300;3;30;;2918989986;95980739;0:20.42;19344081;5989496;76636658;;99,868932;97,2996662;97,4273623;file;'IPv4v6/file/file_IPv4v6_10m_131068_1.csv' : Params('IPv4v6', '131068 clients', '10000000 PPS'),;29275;0,000970978
file_IPv4v6_10m_131068_2;IPv4v6;131068;254;50000;10000000;300;3;30;;2920249697;94743486;0:20.72;19351042;5990764;75392444;;99,868932;97,34165657;97,46940777;file;'IPv4v6/file/file_IPv4v6_10m_131068_2.csv' : Params('IPv4v6', '131068 clients', '10000000 PPS'),;6817;0,000226103
file_IPv4v6_20m_131068_1;IPv4v6;131068;254;50000;20000000;300;3;30;;5713499647;242342691;0:31.51;19345126;7233255;222997565;;99,934466;95,22499412;95,28743979;file;'IPv4v6/file/file_IPv4v6_20m_131068_1.csv' : Params('IPv4v6', '131068 clients', '20000000 PPS'),;59157662;0,983502278
file_IPv4v6_20m_131068_2;IPv4v6;131068;254;50000;20000000;300;3;30;;5719892619;237072359;0:30.17;19190856;6922700;217881503;;99,934466;95,33154365;95,39405919;file;'IPv4v6/file/file_IPv4v6_20m_131068_2.csv' : Params('IPv4v6', '131068 clients', '20000000 PPS'),;58035022;0,964838271
file_IPv4v6_30m_131068_1;IPv4v6;131068;254;50000;30000000;300;3;30;;8622361270;238524088;0:46.82;17737578;6824780;220786510;;99,95631067;95,80401411;95,84588854;file;'IPv4v6/file/file_IPv4v6_30m_131068_1.csv' : Params('IPv4v6', '131068 clients', '30000000 PPS'),;154114642;1,709535685
file_IPv4v6_30m_131068_2;IPv4v6;131068;254;50000;30000000;300;3;30;;8511481433;286151763;0:47.15;17688790;7065133;268462973;;99,95631067;94,57201592;94,61335186;file;'IPv4v6/file/file_IPv4v6_30m_131068_2.csv' : Params('IPv4v6', '131068 clients', '30000000 PPS'),;217366804;2,411168098
;;;;;;;;;;;;;;;;;;;;;;;
shm_IPv4v6_100k_131068_1;IPv4v6;131068;254;50000;100000;300;3;30;;26461164;18538838;0:10.90;18538838;3538836;0;;86,8932;88,20388;101,5083804;shm;'IPv4v6/shm/shm_IPv4v6_100k_131068_1.csv' : Params('IPv4v6', '131068 clients', '100000 PPS'),;-2;-4,44444E-06
shm_IPv4v6_100k_131068_2;IPv4v6;131068;254;50000;100000;300;3;30;;26461164;18538838;0:10.49;18538838;3538836;0;;86,8932;88,20388;101,5083804;shm;'IPv4v6/shm/shm_IPv4v6_100k_131068_2.csv' : Params('IPv4v6', '131068 clients', '100000 PPS'),;-2;-4,44444E-06
shm_IPv4v6_1m_131068_1;IPv4v6;131068;254;50000;1000000;300;3;30;;295315991;19684011;0:16.27;19451100;4462789;232911;;98,68932;98,43866367;99,74601473;shm;'IPv4v6/shm/shm_IPv4v6_1m_131068_1.csv' : Params('IPv4v6', '131068 clients', '1000000 PPS'),;-2;-6,34921E-07
shm_IPv4v6_1m_131068_2;IPv4v6;131068;254;50000;1000000;300;3;30;;295244698;19755304;0:17.14;19473901;4487827;281403;;98,68932;98,41489933;99,72193479;shm;'IPv4v6/shm/shm_IPv4v6_1m_131068_2.csv' : Params('IPv4v6', '131068 clients', '1000000 PPS'),;-2;-6,34921E-07
shm_IPv4v6_10m_131068_1;IPv4v6;131068;254;50000;10000000;300;3;30;;2971221914;42079048;0:31.13;22936701;8156918;19142347;;99,868932;99,04073047;99,17071153;shm;'IPv4v6/shm/shm_IPv4v6_10m_131068_1.csv' : Params('IPv4v6', '131068 clients', '10000000 PPS'),;1699038;0,056352836
shm_IPv4v6_10m_131068_2;IPv4v6;131068;254;50000;10000000;300;3;30;;2973166926;40417745;0:30.49;23372867;8584016;17044878;;99,868932;99,1055642;99,23563036;shm;'IPv4v6/shm/shm_IPv4v6_10m_131068_2.csv' : Params('IPv4v6', '131068 clients', '10000000 PPS'),;1415329;0,046942919
shm_IPv4v6_20m_131068_1;IPv4v6;131068;254;50000;20000000;300;3;30;;5914913021;80717577;0:47.74;24435757;9917099;56281820;;99,934466;98,58188368;98,6465307;shm;'IPv4v6/shm/shm_IPv4v6_20m_131068_1.csv' : Params('IPv4v6', '131068 clients', '20000000 PPS'),;19369402;0,322018321
shm_IPv4v6_20m_131068_2;IPv4v6;131068;254;50000;20000000;300;3;30;;5919966056;77080990;0:48.47;24522263;10030099;52558727;;99,934466;98,66610093;98,73080318;shm;'IPv4v6/shm/shm_IPv4v6_20m_131068_2.csv' : Params('IPv4v6', '131068 clients', '20000000 PPS'),;17952954;0,298469726
shm_IPv4v6_30m_131068_1;IPv4v6;131068;254;50000;30000000;300;3;30;;8806933030;103658581;1:34.09;24848632;10849017;78809948;;99,95631067;97,85481144;97,89758225;shm;'IPv4v6/shm/shm_IPv4v6_30m_131068_1.csv' : Params('IPv4v6', '131068 clients', '30000000 PPS'),;104408389;1,15816294
shm_IPv4v6_30m_131068_2;IPv4v6;131068;254;50000;30000000;300;3;30;;8801887210;105829368;1:34.64;25131684;11161921;80697683;;99,95631067;97,79874678;97,84149307;shm;'IPv4v6/shm/shm_IPv4v6_30m_131068_2.csv' : Params('IPv4v6', '131068 clients', '30000000 PPS'),;107283422;1,190054598
;;;;;;;;;;;;;;;;;;;;;;;
sock_IPv4v6_100k_131068_1;IPv4v6;131068;254;50000;100000;300;3;30;;26443004;18556998;1:40.99;18529699;3538836;27299;;86,8932;88,14334667;101,4387163;sock;'IPv4v6/sock/sock_IPv4v6_100k_131068_1.csv' : Params('IPv4v6', '131068 clients', '100000 PPS'),;-2;-4,44444E-06
sock_IPv4v6_100k_131068_2;IPv4v6;131068;254;50000;100000;300;3;30;;26443205;18556797;1:41.09;18529800;3538836;26997;;86,8932;88,14401667;101,4394874;sock;'IPv4v6/sock/sock_IPv4v6_100k_131068_2.csv' : Params('IPv4v6', '131068 clients', '100000 PPS'),;-2;-4,44444E-06
sock_IPv4v6_1m_131068_1;IPv4v6;131068;254;50000;1000000;300;3;30;;294531968;20468034;1:08.11;18899990;3989908;1568044;;98,68932;98,17732267;99,4812029;sock;'IPv4v6/sock/sock_IPv4v6_1m_131068_1.csv' : Params('IPv4v6', '131068 clients', '1000000 PPS'),;-2;-6,34921E-07
sock_IPv4v6_1m_131068_2;IPv4v6;131068;254;50000;1000000;300;3;30;;294717988;20282014;1:08.11;18889092;3972181;1392922;;98,68932;98,23932933;99,54403307;sock;'IPv4v6/sock/sock_IPv4v6_1m_131068_2.csv' : Params('IPv4v6', '131068 clients', '1000000 PPS'),;-2;-6,34921E-07
sock_IPv4v6_10m_131068_1;IPv4v6;131068;254;50000;10000000;300;3;30;;2938159356;73553002;2:14.83;18969711;4620883;54583291;;99,868932;97,9386452;98,06717989;sock;'IPv4v6/sock/sock_IPv4v6_10m_131068_1.csv' : Params('IPv4v6', '131068 clients', '10000000 PPS'),;3287642;0,109042852
sock_IPv4v6_10m_131068_2;IPv4v6;131068;254;50000;10000000;300;3;30;;2946457429;66298001;2:12.59;19069992;4664225;47228009;;99,868932;98,21524763;98,34414534;sock;'IPv4v6/sock/sock_IPv4v6_10m_131068_2.csv' : Params('IPv4v6', '131068 clients', '10000000 PPS'),;2244570;0,074446766
sock_IPv4v6_20m_131068_1;IPv4v6;131068;254;50000;20000000;300;3;30;;5829866705;146584990;3:23.33;18661143;5003621;127923847;;99,934466;97,16444508;97,22816259;sock;'IPv4v6/sock/sock_IPv4v6_20m_131068_1.csv' : Params('IPv4v6', '131068 clients', '20000000 PPS'),;38548305;0,640869576
sock_IPv4v6_20m_131068_2;IPv4v6;131068;254;50000;20000000;300;3;30;;5839679857;137210969;3:25.97;18917594;5259332;118293375;;99,934466;97,32799762;97,39182237;sock;'IPv4v6/sock/sock_IPv4v6_20m_131068_2.csv' : Params('IPv4v6', '131068 clients', '20000000 PPS'),;38109174;0,633568978
sock_IPv4v6_30m_131068_1;IPv4v6;131068;254;50000;30000000;300;3;30;;8627539942;208953166;5:54.97;18263874;6084025;190689292;;99,95631067;95,86155491;95,90345449;sock;'IPv4v6/sock/sock_IPv4v6_30m_131068_1.csv' : Params('IPv4v6', '131068 clients', '30000000 PPS'),;178506892;1,980109728
sock_IPv4v6_30m_131068_2;IPv4v6;131068;254;50000;30000000;300;3;30;;8630313293;212805775;5:53.34;18001986;5984904;194803789;;99,95631067;95,89236992;95,93428297;sock;'IPv4v6/sock/sock_IPv4v6_30m_131068_2.csv' : Params('IPv4v6', '131068 clients', '30000000 PPS'),;171880932;1,906610449
;;;;;;;;;;;;;;;;;;;;;;;
;;;;;;;;;;;;;;;;;;;;;;;
file_IPv4_100k_131068_1;IPv4;131068;254;50000;100000;300;3;30;;25988218;19011783;0:08.34;18161796;3538836;849987;;86,8932;86,62739333;99,69409958;file;'IPv4/file/file_IPv4_100k_131068_1.csv' : Params('IPv4', '131068 clients', '100000 PPS'),;-1;-2,22222E-06
file_IPv4_100k_131068_2;IPv4;131068;254;50000;100000;300;3;30;;25949377;19050624;0:08.38;18150414;3538836;900210;;86,8932;86,49792333;99,54510058;file;'IPv4/file/file_IPv4_100k_131068_2.csv' : Params('IPv4', '131068 clients', '100000 PPS'),;-1;-2,22222E-06
file_IPv4_1m_131068_1;IPv4;131068;254;50000;1000000;300;3;30;;290933055;24066945;0:11.55;18509964;4286389;5556981;;98,68932;96,977685;98,265633;file;'IPv4/file/file_IPv4_1m_131068_1.csv' : Params('IPv4', '131068 clients', '1000000 PPS'),;0;0
file_IPv4_1m_131068_2;IPv4;131068;254;50000;1000000;300;3;30;;290816256;24183744;0:12.33;18501490;4290369;5682254;;98,68932;96,938752;98,22618293;file;'IPv4/file/file_IPv4_1m_131068_2.csv' : Params('IPv4', '131068 clients', '1000000 PPS'),;0;0
file_IPv4_10m_131068_1;IPv4;131068;254;50000;10000000;300;3;30;;2877269845;136153309;0:19.39;19308533;6389752;116844776;;99,868932;95,90899483;96,03486581;file;'IPv4/file/file_IPv4_10m_131068_1.csv' : Params('IPv4', '131068 clients', '10000000 PPS'),;1576846;0,052300033
file_IPv4_10m_131068_2;IPv4;131068;254;50000;10000000;300;3;30;;2892043262;121409017;0:18.91;19197453;6136426;102211564;;99,868932;96,40144207;96,52795933;file;'IPv4/file/file_IPv4_10m_131068_2.csv' : Params('IPv4', '131068 clients', '10000000 PPS'),;1547721;0,05133403
file_IPv4_20m_131068_1;IPv4;131068;254;50000;20000000;300;3;30;;5704953913;200127982;0:27.69;19797079;7913100;180330903;;99,934466;95,08256522;95,14491749;file;'IPv4/file/file_IPv4_20m_131068_1.csv' : Params('IPv4', '131068 clients', '20000000 PPS'),;109918105;1,827399917
file_IPv4_20m_131068_2;IPv4;131068;254;50000;20000000;300;3;30;;5710156281;203557177;0:27.06;19247615;7265124;184309562;;99,934466;95,16927135;95,23168048;file;'IPv4/file/file_IPv4_20m_131068_2.csv' : Params('IPv4', '131068 clients', '20000000 PPS'),;101286542;1,683899285
file_IPv4_30m_131068_1;IPv4;131068;254;50000;30000000;300;3;30;;8501224695;238828647;0:40.01;17987271;7374033;220841376;;99,95631067;94,45805217;94,4993383;file;'IPv4/file/file_IPv4_30m_131068_1.csv' : Params('IPv4', '131068 clients', '30000000 PPS'),;274946658;3,049879734
file_IPv4_30m_131068_2;IPv4;131068;254;50000;30000000;300;3;30;;8502216895;238295313;0:38.99;18043934;7439381;220251379;;99,95631067;94,46907661;94,51036756;file;'IPv4/file/file_IPv4_30m_131068_2.csv' : Params('IPv4', '131068 clients', '30000000 PPS'),;274487792;3,044789706
;;;;;;;;;;;;;;;;;;;;;;;
shm_IPv4_100k_131068_1;IPv4;131068;254;50000;100000;300;3;30;;26461165;18538836;0:10.14;18538836;3538836;0;;86,8932;88,20388333;101,5083842;shm;'IPv4/shm/shm_IPv4_100k_131068_1.csv' : Params('IPv4', '131068 clients', '100000 PPS'),;-1;-2,22222E-06
shm_IPv4_100k_131068_2;IPv4;131068;254;50000;100000;300;3;30;;26461165;18538836;0:09.41;18538836;3538836;0;;86,8932;88,20388333;101,5083842;shm;'IPv4/shm/shm_IPv4_100k_131068_2.csv' : Params('IPv4', '131068 clients', '100000 PPS'),;-1;-2,22222E-06
shm_IPv4_1m_131068_1;IPv4;131068;254;50000;1000000;300;3;30;;295298889;19701110;0:12.95;19473288;4485911;227822;;98,68932;98,432963;99,74023836;shm;'IPv4/shm/shm_IPv4_1m_131068_1.csv' : Params('IPv4', '131068 clients', '1000000 PPS'),;1;3,1746E-07
shm_IPv4_1m_131068_2;IPv4;131068;254;50000;1000000;300;3;30;;295079308;19920691;0:14.11;19491850;4513951;428841;;98,68932;98,35976933;99,66607261;shm;'IPv4/shm/shm_IPv4_1m_131068_2.csv' : Params('IPv4', '131068 clients', '1000000 PPS'),;1;3,1746E-07
shm_IPv4_10m_131068_1;IPv4;131068;254;50000;10000000;300;3;30;;2954277495;58363526;0:29.47;25401537;10753851;32961989;;99,868932;98,4759165;98,60515631;shm;'IPv4/shm/shm_IPv4_10m_131068_1.csv' : Params('IPv4', '131068 clients', '10000000 PPS'),;2358979;0,078241426
shm_IPv4_10m_131068_2;IPv4;131068;254;50000;10000000;300;3;30;;2956363756;56553195;0:30.59;23504495;8822356;33048700;;99,868932;98,54545853;98,67478961;shm;'IPv4/shm/shm_IPv4_10m_131068_2.csv' : Params('IPv4', '131068 clients', '10000000 PPS'),;2083049;0,069089519
shm_IPv4_20m_131068_1;IPv4;131068;254;50000;20000000;300;3;30;;5909793886;77329240;0:45.88;24028830;9606096;53300409;;99,934466;98,49656477;98,56115583;shm;'IPv4/shm/shm_IPv4_20m_131068_1.csv' : Params('IPv4', '131068 clients', '20000000 PPS'),;27876874;0,463455927
shm_IPv4_20m_131068_2;IPv4;131068;254;50000;20000000;300;3;30;;5899879568;78562457;0:44.75;24057906;9667541;54504551;;99,934466;98,33132613;98,39580884;shm;'IPv4/shm/shm_IPv4_20m_131068_2.csv' : Params('IPv4', '131068 clients', '20000000 PPS'),;36557975;0,607780133
shm_IPv4_30m_131068_1;IPv4;131068;254;50000;30000000;300;3;30;;8752260479;106316839;1:20.72;24966498;11120354;81350341;;99,95631067;97,24733866;97,28984394;shm;'IPv4/shm/shm_IPv4_30m_131068_1.csv' : Params('IPv4', '131068 clients', '30000000 PPS'),;156422682;1,735137903
shm_IPv4_30m_131068_2;IPv4;131068;254;50000;30000000;300;3;30;;8756616433;104142273;1:11.92;25317763;11503903;78824510;;99,95631067;97,29573814;97,33826458;shm;'IPv4/shm/shm_IPv4_30m_131068_2.csv' : Params('IPv4', '131068 clients', '30000000 PPS'),;154241294;1,710940588
;;;;;;;;;;;;;;;;;;;;;;;
sock_IPv4_100k_131068_1;IPv4;131068;254;50000;100000;300;3;30;;26443217;18556785;1:40.40;18529790;3538836;26995;;86,8932;88,14405667;101,4395334;sock;'IPv4/sock/sock_IPv4_100k_131068_1.csv' : Params('IPv4', '131068 clients', '100000 PPS'),;-2;-4,44444E-06
sock_IPv4_100k_131068_2;IPv4;131068;254;50000;100000;300;3;30;;26443296;18556706;1:43.48;18529863;3538836;26843;;86,8932;88,14432;101,4398365;sock;'IPv4/sock/sock_IPv4_100k_131068_2.csv' : Params('IPv4', '131068 clients', '100000 PPS'),;-2;-4,44444E-06
sock_IPv4_1m_131068_1;IPv4;131068;254;50000;1000000;300;3;30;;294608063;20391946;1:11.73;18909140;3998004;1482806;;98,68932;98,20268767;99,50690477;sock;'IPv4/sock/sock_IPv4_1m_131068_1.csv' : Params('IPv4', '131068 clients', '1000000 PPS'),;-9;-2,85714E-06
sock_IPv4_1m_131068_2;IPv4;131068;254;50000;1000000;300;3;30;;294846044;20153965;0:53.07;18922740;3994574;1231225;;98,68932;98,28201467;99,5872853;sock;'IPv4/sock/sock_IPv4_1m_131068_2.csv' : Params('IPv4', '131068 clients', '1000000 PPS'),;-9;-2,85714E-06
sock_IPv4_10m_131068_1;IPv4;131068;254;50000;10000000;300;3;30;;2916273421;95524089;2:13.54;19015853;4767085;76508235;;99,868932;97,20911403;97,33669129;sock;'IPv4/sock/sock_IPv4_10m_131068_1.csv' : Params('IPv4', '131068 clients', '10000000 PPS'),;3202490;0,106218574
sock_IPv4_10m_131068_2;IPv4;131068;254;50000;10000000;300;3;30;;2921367526;89682422;2:10.76;19034700;4767224;70647722;;99,868932;97,37891753;97,50671764;sock;'IPv4/sock/sock_IPv4_10m_131068_2.csv' : Params('IPv4', '131068 clients', '10000000 PPS'),;3950052;0,131013333
sock_IPv4_20m_131068_1;IPv4;131068;254;50000;20000000;300;3;30;;5831496031;123217625;3:18.23;18850769;5164025;104366856;;99,934466;97,19160052;97,25533583;sock;'IPv4/sock/sock_IPv4_20m_131068_1.csv' : Params('IPv4', '131068 clients', '20000000 PPS'),;60286344;1,002266733
sock_IPv4_20m_131068_2;IPv4;131068;254;50000;20000000;300;3;30;;5834399817;118707396;3:12.00;18951602;5188194;99755792;;99,934466;97,23999695;97,303764;sock;'IPv4/sock/sock_IPv4_20m_131068_2.csv' : Params('IPv4', '131068 clients', '20000000 PPS'),;61892787;1,028974015
sock_IPv4_30m_131068_1;IPv4;131068;254;50000;30000000;300;3;30;;8597943171;181915558;5:15.83;18340310;5934964;163575248;;99,95631067;95,5327019;95,57445774;sock;'IPv4/sock/sock_IPv4_30m_131068_1.csv' : Params('IPv4', '131068 clients', '30000000 PPS'),;235141271;2,608333566
sock_IPv4_30m_131068_2;IPv4;131068;254;50000;30000000;300;3;30;;8612011577;180893594;5:23.02;18328522;5926122;162565072;;99,95631067;95,68901752;95,73084169;sock;'IPv4/sock/sock_IPv4_30m_131068_2.csv' : Params('IPv4', '131068 clients', '30000000 PPS'),;222094829;2,463614298
;;;;;;;;;;;;;;;;;;;;;;;
;;;;;;;;;;;;;;;;;;;;;;;
file_IPv6_100k_131068_1;IPv6;131068;254;50000;100000;300;3;30;;25956606;19043396;0:08.43;18127630;3538836;915766;;86,8932;86,52202;99,57283194;file;'IPv6/file/file_IPv6_100k_131068_1.csv' : Params('IPv6', '131068 clients', '100000 PPS'),;-2;-4,44444E-06
file_IPv6_100k_131068_2;IPv6;131068;254;50000;100000;300;3;30;;25986496;19013506;0:08.49;18156046;3538836;857460;;86,8932;86,62165333;99,68749377;file;'IPv6/file/file_IPv6_100k_131068_2.csv' : Params('IPv6', '131068 clients', '100000 PPS'),;-2;-4,44444E-06
file_IPv6_1m_131068_1;IPv6;131068;254;50000;1000000;300;3;30;;291112947;23887062;0:11.86;18498676;4289315;5388386;;98,68932;97,037649;98,32639337;file;'IPv6/file/file_IPv6_1m_131068_1.csv' : Params('IPv6', '131068 clients', '1000000 PPS'),;-9;-2,85714E-06
file_IPv6_1m_131068_2;IPv6;131068;254;50000;1000000;300;3;30;;291104181;23895828;0:11.92;18507822;4300782;5388006;;98,68932;97,034727;98,32343257;file;'IPv6/file/file_IPv6_1m_131068_2.csv' : Params('IPv6', '131068 clients', '1000000 PPS'),;-9;-2,85714E-06
file_IPv6_10m_131068_1;IPv6;131068;254;50000;10000000;300;3;30;;2875626763;137960565;0:19.49;19181903;6243981;118778662;;99,868932;95,85422543;95,98002453;file;'IPv6/file/file_IPv6_10m_131068_1.csv' : Params('IPv6', '131068 clients', '10000000 PPS'),;1412672;0,046854793
file_IPv6_10m_131068_2;IPv6;131068;254;50000;10000000;300;3;30;;2891662296;121957604;0:18.66;19118787;6032773;102838817;;99,868932;96,3887432;96,5152438;file;'IPv6/file/file_IPv6_10m_131068_2.csv' : Params('IPv6', '131068 clients', '10000000 PPS'),;1380100;0,045774461
file_IPv6_20m_131068_1;IPv6;131068;254;50000;20000000;300;3;30;;5742592262;181944357;0:27.93;19385036;7318274;162559321;;99,934466;95,70987103;95,77263467;file;'IPv6/file/file_IPv6_20m_131068_1.csv' : Params('IPv6', '131068 clients', '20000000 PPS'),;90463381;1,503963109
file_IPv6_20m_131068_2;IPv6;131068;254;50000;20000000;300;3;30;;5720631113;191181350;0:26.72;19659923;7615243;171521427;;99,934466;95,34385188;95,4063755;file;'IPv6/file/file_IPv6_20m_131068_2.csv' : Params('IPv6', '131068 clients', '20000000 PPS'),;103187537;1,715503525
file_IPv6_30m_131068_1;IPv6;131068;254;50000;30000000;300;3;30;;8572603416;228068510;0:38.41;17894711;6914255;210173799;;99,95631067;95,25114907;95,29278185;file;'IPv6/file/file_IPv6_30m_131068_1.csv' : Params('IPv6', '131068 clients', '30000000 PPS'),;214328074;2,37746061
file_IPv6_30m_131068_2;IPv6;131068;254;50000;30000000;300;3;30;;8611266512;205050357;0:39.17;17824822;6942780;187225533;;99,95631067;95,68073902;95,72255957;file;'IPv6/file/file_IPv6_30m_131068_2.csv' : Params('IPv6', '131068 clients', '30000000 PPS'),;198683131;2,203917149
;;;;;;;;;;;;;;;;;;;;;;;
shm_IPv6_100k_131068_1;IPv6;131068;254;50000;100000;300;3;30;;26461156;18538846;0:10.20;18538831;3538836;15;;86,8932;88,20385333;101,5083497;shm;'IPv6/shm/shm_IPv6_100k_131068_1.csv' : Params('IPv6', '131068 clients', '100000 PPS'),;-2;-4,44444E-06
shm_IPv6_100k_131068_2;IPv6;131068;254;50000;100000;300;3;30;;26461165;18538837;0:10.37;18538837;3538836;0;;86,8932;88,20388333;101,5083842;shm;'IPv6/shm/shm_IPv6_100k_131068_2.csv' : Params('IPv6', '131068 clients', '100000 PPS'),;-2;-4,44444E-06
shm_IPv6_1m_131068_1;IPv6;131068;254;50000;1000000;300;3;30;;295108778;19891231;0:16.20;19429949;4452889;461282;;98,68932;98,36959267;99,67602641;shm;'IPv6/shm/shm_IPv6_1m_131068_1.csv' : Params('IPv6', '131068 clients', '1000000 PPS'),;-9;-2,85714E-06
shm_IPv6_1m_131068_2;IPv6;131068;254;50000;1000000;300;3;30;;295097365;19902644;0:15.82;19464052;4486401;438592;;98,68932;98,36578833;99,67217155;shm;'IPv6/shm/shm_IPv6_1m_131068_2.csv' : Params('IPv6', '131068 clients', '1000000 PPS'),;-9;-2,85714E-06
shm_IPv6_10m_131068_1;IPv6;131068;254;50000;10000000;300;3;30;;2956201415;56711714;0:29.93;24052968;9379388;32658744;;99,868932;98,54004717;98,66937114;shm;'IPv6/shm/shm_IPv6_10m_131068_1.csv' : Params('IPv6', '131068 clients', '10000000 PPS'),;2086871;0,069216285
shm_IPv6_10m_131068_2;IPv6;131068;254;50000;10000000;300;3;30;;2957951339;54405512;0:29.84;23832096;9153308;30573416;;99,868932;98,59837797;98,72777849;shm;'IPv6/shm/shm_IPv6_10m_131068_2.csv' : Params('IPv6', '131068 clients', '10000000 PPS'),;2643149;0,087666633
shm_IPv6_20m_131068_1;IPv6;131068;254;50000;20000000;300;3;30;;5901416921;78213140;0:47.31;24139364;9728987;54073775;;99,934466;98,35694868;98,4214482;shm;'IPv6/shm/shm_IPv6_20m_131068_1.csv' : Params('IPv6', '131068 clients', '20000000 PPS'),;35369939;0,588028911
shm_IPv6_20m_131068_2;IPv6;131068;254;50000;20000000;300;3;30;;5904861645;76778824;0:44.12;24592460;10172282;52186364;;99,934466;98,41436075;98,47889791;shm;'IPv6/shm/shm_IPv6_20m_131068_2.csv' : Params('IPv6', '131068 clients', '20000000 PPS'),;33359531;0,554605669
shm_IPv6_30m_131068_1;IPv6;131068;254;50000;30000000;300;3;30;;8760107054;109084407;1:14.71;25076224;11144748;84008183;;99,95631067;97,33452282;97,37706621;shm;'IPv6/shm/shm_IPv6_30m_131068_1.csv' : Params('IPv6', '131068 clients', '30000000 PPS'),;145808539;1,617399212
shm_IPv6_30m_131068_2;IPv6;131068;254;50000;30000000;300;3;30;;8771301003;102226871;1:16.68;25280470;11302280;76946401;;99,95631067;97,45890003;97,50149779;shm;'IPv6/shm/shm_IPv6_30m_131068_2.csv' : Params('IPv6', '131068 clients', '30000000 PPS'),;141472126;1,569297016
;;;;;;;;;;;;;;;;;;;;;;;
sock_IPv6_100k_131068_1;IPv6;131068;254;50000;100000;300;3;30;;26443333;18556669;1:41.33;18529846;3538836;26823;;86,8932;88,14444333;101,4399784;sock;'IPv6/sock/sock_IPv6_100k_131068_1.csv' : Params('IPv6', '131068 clients', '100000 PPS'),;-2;-4,44444E-06
sock_IPv6_100k_131068_2;IPv6;131068;254;50000;100000;300;3;30;;26443171;18556831;1:42.30;18529773;3538836;27058;;86,8932;88,14390333;101,439357;sock;'IPv6/sock/sock_IPv6_100k_131068_2.csv' : Params('IPv6', '131068 clients', '100000 PPS'),;-2;-4,44444E-06
sock_IPv6_1m_131068_1;IPv6;131068;254;50000;1000000;300;3;30;;294802342;20197667;1:08.08;18897025;3979243;1300642;;98,68932;98,26744733;99,5725245;sock;'IPv6/sock/sock_IPv6_1m_131068_1.csv' : Params('IPv6', '131068 clients', '1000000 PPS'),;-9;-2,85714E-06
sock_IPv6_1m_131068_2;IPv6;131068;254;50000;1000000;300;3;30;;294872390;20127619;1:10.21;18895433;3974274;1232186;;98,68932;98,29079667;99,59618393;sock;'IPv6/sock/sock_IPv6_1m_131068_2.csv' : Params('IPv6', '131068 clients', '1000000 PPS'),;-9;-2,85714E-06
sock_IPv6_10m_131068_1;IPv6;131068;254;50000;10000000;300;3;30;;2920107691;91633875;2:24.33;19224012;4980444;72409863;;99,868932;97,33692303;97,46466802;sock;'IPv6/sock/sock_IPv6_10m_131068_1.csv' : Params('IPv6', '131068 clients', '10000000 PPS'),;3258434;0,108074096
sock_IPv6_10m_131068_2;IPv6;131068;254;50000;10000000;300;3;30;;2916351683;93711005;2:18.04;19112271;4875647;74598734;;99,868932;97,21172277;97,33930344;sock;'IPv6/sock/sock_IPv6_10m_131068_2.csv' : Params('IPv6', '131068 clients', '10000000 PPS'),;4937312;0,163758275
sock_IPv6_20m_131068_1;IPv6;131068;254;50000;20000000;300;3;30;;5834551873;119056979;3:25.28;19036534;5360038;100020445;;99,934466;97,24253122;97,30629993;sock;'IPv6/sock/sock_IPv6_20m_131068_1.csv' : Params('IPv6', '131068 clients', '20000000 PPS'),;61391148;1,020634214
sock_IPv6_20m_131068_2;IPv6;131068;254;50000;20000000;300;3;30;;5837973177;118429042;3:15.98;19222193;5455606;99206849;;99,934466;97,29955295;97,36335905;sock;'IPv6/sock/sock_IPv6_20m_131068_2.csv' : Params('IPv6', '131068 clients', '20000000 PPS'),;58597781;0,974194198
sock_IPv6_30m_131068_1;IPv6;131068;254;50000;30000000;300;3;30;;8620585091;177327471;5:17.37;18664802;6183836;158662668;;99,95631067;95,78427879;95,82614459;sock;'IPv6/sock/sock_IPv6_30m_131068_1.csv' : Params('IPv6', '131068 clients', '30000000 PPS'),;217087438;2,408069196
sock_IPv6_30m_131068_2;IPv6;131068;254;50000;30000000;300;3;30;;8601912129;187515490;5:13.71;18638106;6140644;168877384;;99,95631067;95,57680143;95,61857655;sock;'IPv6/sock/sock_IPv6_30m_131068_2.csv' : Params('IPv6', '131068 clients', '30000000 PPS'),;225572381;2,502189473
;;;;;;;;;;;;;;;;;;;;;;;
;;;;;;;;;;;;;;;;;;;;;;;
shm_IPv4v6_100k_2ndReader_1;IPv4v6;131068;254;50000;100000;300;3;30;;26461164;18538838;0:10.99+0:00.99;18538838;3538836;0;;86,8932;88,20388;101,5083804;2ndReader;'IPv4v6/2ndReader/shm_IPv4v6_100k_2ndReader_1.csv' : Params('IPv4v6', '131068 clients', '100000 PPS'),;-2;-4,44444E-06
shm_IPv4v6_100k_2ndReader_2;IPv4v6;131068;254;50000;100000;300;3;30;;26461166;18538836;0:10.61+0:00.93;18538836;3538836;0;;86,8932;88,20388667;101,5083881;2ndReader;'IPv4v6/2ndReader/shm_IPv4v6_100k_2ndReader_2.csv' : Params('IPv4v6', '131068 clients', '100000 PPS'),;-2;-4,44444E-06
shm_IPv4v6_1m_2ndReader_1;IPv4v6;131068;254;50000;1000000;300;3;30;;295247366;19752636;0:17.76+0:01.21;19476626;4490521;276010;;98,68932;98,41578867;99,72283593;2ndReader;'IPv4v6/2ndReader/shm_IPv4v6_1m_2ndReader_1.csv' : Params('IPv4v6', '131068 clients', '1000000 PPS'),;-2;-6,34921E-07
shm_IPv4v6_1m_2ndReader_2;IPv4v6;131068;254;50000;1000000;300;3;30;;295230612;19769390;0:16.38+0:01.20;19478842;4493236;290548;;98,68932;98,410204;99,7171771;2ndReader;'IPv4v6/2ndReader/shm_IPv4v6_1m_2ndReader_2.csv' : Params('IPv4v6', '131068 clients', '1000000 PPS'),;-2;-6,34921E-07
shm_IPv4v6_10m_2ndReader_1;IPv4v6;131068;254;50000;10000000;300;3;30;;2971507368;42133669;0:31.68+0:02.88;22971392;8182093;19162277;;99,868932;99,0502456;99,18023916;2ndReader;'IPv4v6/2ndReader/shm_IPv4v6_10m_2ndReader_1.csv' : Params('IPv4v6', '131068 clients', '10000000 PPS'),;1358963;0,0450734
shm_IPv4v6_10m_2ndReader_2;IPv4v6;131068;254;50000;10000000;300;3;30;;2972531972;40928329;0:31.84+0:02.96;23027205;8236038;17901124;;99,868932;99,08439907;99,21443745;2ndReader;'IPv4v6/2ndReader/shm_IPv4v6_10m_2ndReader_2.csv' : Params('IPv4v6', '131068 clients', '10000000 PPS'),;1539699;0,05106796
shm_IPv4v6_20m_2ndReader_1;IPv4v6;131068;254;50000;20000000;300;3;30;;5915044964;79917567;0:49.90+0:04.84;24614045;10125502;55303522;;99,934466;98,58408273;98,64873119;2ndReader;'IPv4v6/2ndReader/shm_IPv4v6_20m_2ndReader_1.csv' : Params('IPv4v6', '131068 clients', '20000000 PPS'),;20037469;0,333125004
shm_IPv4v6_20m_2ndReader_2;IPv4v6;131068;254;50000;20000000;300;3;30;;5915872297;81621708;0:47.74+0:04.65;24403930;9889346;57217778;;99,934466;98,59787162;98,66252912;2ndReader;'IPv4v6/2ndReader/shm_IPv4v6_20m_2ndReader_2.csv' : Params('IPv4v6', '131068 clients', '20000000 PPS'),;17505995;0,291038986
shm_IPv4v6_30m_2ndReader_1;IPv4v6;131068;254;50000;30000000;300;3;30;;8783185792;118738857;1:34.60+0:09.11;24701493;10816835;94037363;;99,95631067;97,59095324;97,63360872;2ndReader;'IPv4v6/2ndReader/shm_IPv4v6_30m_2ndReader_1.csv' : Params('IPv4v6', '131068 clients', '30000000 PPS'),;113075351;1,254302285
shm_IPv4v6_30m_2ndReader_2;IPv4v6;131068;254;50000;30000000;300;3;30;;8779524819;117467628;1:27.73+0:07.79;25044283;11145680;92423345;;99,95631067;97,55027577;97,59291346;2ndReader;'IPv4v6/2ndReader/shm_IPv4v6_30m_2ndReader_2.csv' : Params('IPv4v6', '131068 clients', '30000000 PPS'),;118007553;1,309013344
;;;;;;;;;;;;;;;;;;;;;;;
sock_IPv4v6_100k_2ndReader_1;IPv4v6;131068;254;50000;100000;300;3;30;;26098727;18901275;1:15.34+0:41.21;18239489;3538836;661786;;86,8932;86,99575667;100,1180261;2ndReader;'IPv4v6/2ndReader/sock_IPv4v6_100k_2ndReader_1.csv' : Params('IPv4v6', '131068 clients', '100000 PPS'),;-2;-4,44444E-06
sock_IPv4v6_100k_2ndReader_2;IPv4v6;131068;254;50000;100000;300;3;30;;26221425;18778577;1:15.21+0:41.34;18414991;3538836;363586;;86,8932;87,40475;100,5887112;2ndReader;'IPv4v6/2ndReader/sock_IPv4v6_100k_2ndReader_2.csv' : Params('IPv4v6', '131068 clients', '100000 PPS'),;-2;-4,44444E-06
sock_IPv4v6_1m_2ndReader_1;IPv4v6;131068;254;50000;1000000;300;3;30;;289061221;25938781;1:20.82+0:51.18;18287810;4146498;7650971;;98,68932;96,35374033;97,6334018;2ndReader;'IPv4v6/2ndReader/sock_IPv4v6_1m_2ndReader_1.csv' : Params('IPv4v6', '131068 clients', '1000000 PPS'),;-2;-6,34921E-07
sock_IPv4v6_1m_2ndReader_2;IPv4v6;131068;254;50000;1000000;300;3;30;;289379250;25620752;1:21.39+0:51.15;18343025;4152325;7277727;;98,68932;96,45975;97,74081937;2ndReader;'IPv4v6/2ndReader/sock_IPv4v6_1m_2ndReader_2.csv' : Params('IPv4v6', '131068 clients', '1000000 PPS'),;-2;-6,34921E-07
sock_IPv4v6_10m_2ndReader_1;IPv4v6;131068;254;50000;10000000;300;3;30;;2768035569;242739158;2:46.25+1:30.54;16739761;5461805;225999397;;99,868932;92,2678523;92,38894464;2ndReader;'IPv4v6/2ndReader/sock_IPv4v6_10m_2ndReader_1.csv' : Params('IPv4v6', '131068 clients', '10000000 PPS'),;4225273;0,140141725
sock_IPv4v6_10m_2ndReader_2;IPv4v6;131068;254;50000;10000000;300;3;30;;2762839458;247976037;2:53.82+1:33.00;16962883;5795047;231013154;;99,868932;92,0946486;92,21551363;2ndReader;'IPv4v6/2ndReader/sock_IPv4v6_10m_2ndReader_2.csv' : Params('IPv4v6', '131068 clients', '10000000 PPS'),;4184505;0,138789552
sock_IPv4v6_20m_2ndReader_1;IPv4v6;131068;254;50000;20000000;300;3;30;;5244844234;624809552;4:11.49+2:19.22;11315738;6500489;613493814;;99,934466;87,41407057;87,47139407;2ndReader;'IPv4v6/2ndReader/sock_IPv4v6_20m_2ndReader_1.csv' : Params('IPv4v6', '131068 clients', '20000000 PPS'),;145346214;2,41639591
sock_IPv4v6_20m_2ndReader_2;IPv4v6;131068;254;50000;20000000;300;3;30;;5254620177;628434461;4:17.09+2:24.59;11452102;6724661;616982359;;99,934466;87,57700295;87,6344333;2ndReader;'IPv4v6/2ndReader/sock_IPv4v6_20m_2ndReader_2.csv' : Params('IPv4v6', '131068 clients', '20000000 PPS'),;131945362;2,193605353
sock_IPv4v6_30m_2ndReader_1;IPv4v6;131068;254;50000;30000000;300;3;30;;4880091003;2385526036;0:31.91+0:24.32;3102917;3003876;2382423119;;99,95631067;54,22323337;54,24693349;2ndReader;'IPv4v6/2ndReader/sock_IPv4v6_30m_2ndReader_1.csv' : Params('IPv4v6', '131068 clients', '30000000 PPS'),;1749382961;19,40524638
sock_IPv4v6_30m_2ndReader_2;IPv4v6;131068;254;50000;30000000;300;3;30;;4914101374;2433075795;0:30.11+0:23.55;3115753;3027314;2429960042;;99,95631067;54,60112638;54,62499167;2ndReader;'IPv4v6/2ndReader/sock_IPv4v6_30m_2ndReader_2.csv' : Params('IPv4v6', '131068 clients', '30000000 PPS'),;1667822831;18,50053057
;;;;;;;;;;;;;;;;;;;;;;;
shm_IPv4v6_30m_2ndReaderNoOverwrite_1;IPv4v6;131068;254;50000;30000000;300;3;30;;8799343174;125557237;1:39.47+0:08.78;24944694;10843037;100612543;;99,95631067;97,77047971;97,81321365;2ndReader;'IPv4v6/2ndReader/shm_IPv4v6_30m_2ndReaderNoOverwrite_1.csv' : Params('IPv4v6', '131068 clients', '30000000 PPS'),;90099589;0,99944081
shm_IPv4v6_30m_2ndReaderNoOverwrite_2;IPv4v6;131068;254;50000;30000000;300;3;30;;8808259635;119223002;1:39.04+0:09.16;25320088;11234185;93902914;;99,95631067;97,8695515;97,91232874;2ndReader;'IPv4v6/2ndReader/shm_IPv4v6_30m_2ndReaderNoOverwrite_2.csv' : Params('IPv4v6', '131068 clients', '30000000 PPS'),;87517363;0,970797149
;;;;;;;;;;;;;;;;;;;;;;;
;;;;;;;;;;;;;;;;;;;;;;;
;;;;;;;;;;;;;;;;;;;;;;;
;;;;;;;;;;;;;;;;;;;;;;;
;;;;;;;;;;;;;;;;;;;;;;;
;;;;;;;;;;;;;;;;;;;;;;;
;;;;;;;;;;;;;;;;;;;;;;;
;;;;;;;;;;;;;;;;;;;;;;;
;;;;;;;;;;;;;;;;;;;;;;;
;;;;;;;;;;;;;;;;;;;;;;;
;;;;;;;;;;;;;;;;;;;;;;;
;;;;;;;;;;;;;;;;;;;;;;;
;;;;;;;;;;;;;;;;;;;;;;;
;;;;;;;;;;;;;;;;;;;;;;;
;;;;;;;;;;;;;;;;;;;;;;;
;;;;;;;;;;;;;;;;;;;;;;;
;;;;;;;;;;;;;;;;;;;;;;;
;;;;;;;;;;;;;;;;;;;;;;;
;;;;;;;;;;;;;;;;;;;;;;;
;;;;;;;;;;;;;;;;;;;;;;;
;;;;;;;;;;;;;;;;;;;;;;;
;;;;;;;;;;;;;;;;;;;;;;;
;;;;;;;;;;;;;;;;;;;;;;;
;;;;;;;;;;;;;;;;;;;;;;;
;;;;;;;;;;;;;;;;;;;;;;;
;;;;;;;;;;;;;;;;;;;;;;;
;;;;;;;;;;;;;;;;;;;;;;;
;;;;;;;;;;;;;;;;;;;;;;;
;;;;;;;;;;;;;;;;;;;;;;;
;;;;;;;;;;;;;;;;;;;;;;;
;;;;;;;;;;;;;;;;;;;;;;;
